category,subcategory,count
Aaron Rowe,unknown,17
Adam Duvander,unknown,1
Adam Fisher,unknown,3
Adam Higginbotham,unknown,1
Adam Rogers,unknown,8
Adam Savage,unknown,1
Adrian Chen,unknown,1
Alice Gregory,unknown,1
Alison Hawkes,unknown,1
Alisson Clark,unknown,42
Allen McDuffee,unknown,1
Allison Davis,unknown,2
Allison P. Davis,unknown,5
Amy Kraft,unknown,64
Amy Wallace,unknown,2
Amy Zimmerman,unknown,1
And My Axe,video-games,1
Andrea Schwalm,unknown,21
Andrew Blum,unknown,1
Andrew Chaikin,unknown,1
Andrew Rice,unknown,1
Andy Greenberg,unknown,1
Andy Robertson,unknown,171
Angela Watercutter,unknown,8
Annalee Newitz,unknown,56
Annaliza Savage,unknown,1
Anne Trubek,unknown,1
Anton Olsen,unknown,84
Apps,unknown,1
Ariane Coffin,unknown,29
Arnie Cooper,unknown,2
Artificial Intelligence,unknown,5
Artificial Intelligence,policy,1
Backchannel,video-games,1
Bart Leib,unknown,4
Becky Ferreira,unknown,1
Ben Mezrich,unknown,1
Ben Paynter,unknown,3
Benjamin Wallace,unknown,1
Bess Kalb,unknown,2
Betsy Mason,unknown,1
Beverly Hanly,unknown,1
Bill Day,unknown,1
Bill Gifford,unknown,1
Bill Wasik,unknown,1
Biotech,biotech-genetic-engineering,1
Biotech,environment-climate-change,1
Biz Stone,unknown,1
Blockchain and Cryptocurrency,blockchain-cryptocurrency,2
Blockchain and Cryptocurrency,politics-news,1
Bob Parks,unknown,5
Bonnie Tsui,unknown,1
Books,unknown,3
Brad Moon,unknown,91
Brandi Schlossberg,unknown,1
Brandon Keim,unknown,2
Brendan I. Koerner,unknown,25
Brent Richards,unknown,2
Brian McLaughlin,unknown,37
Brian Raftery,unknown,9
Brigid Ashwood,unknown,42
Brita,unknown,5
Bruce Sterling,unknown,382
Bryan Gardiner,unknown,4
Bryan Lufkin,unknown,3
Business,unknown,10498
Business,politics-news,629
Business,social-media,508
Business,transportation,499
Business,computers-software,253
Business,blockchain-cryptocurrency,226
Business,artificial-intelligence,167
Business,tech-culture,162
Business,policy-net-neutrality,87
Business,environment,70
Business,policy,70
Business,environment-climate-change,66
Business,global-elections,56
Business,health-medicine,47
Business,disinformation,44
Business,energy,34
Business,video-games,31
Business,privacy,25
Business,psychology-neuroscience,10
Business,space,8
Business,security-news,6
Business,books,5
Business,retail-and-logistics,5
Business,biotech-genetic-engineering,3
Business,digital-culture,3
Business,big-tech,2
Buying Guides,unknown,6
Cade Metz,unknown,1
Caitlin Roper,unknown,1
Cameron Bird,unknown,5
Carlye Adler,unknown,2
"Casey Johnston, Ars Technica",unknown,1
Catch Even More,video-games,1
Caterina Fake,unknown,1
Cathé Post,unknown,52
Chaos Mandy,unknown,92
Chris Anderson,unknown,6
Chris Baker,unknown,9
Chris Colin,unknown,2
Chris Gigoux,unknown,81
Chris Hardwick,unknown,1
Chris Kohler,unknown,3
Chris Nashawaty,unknown,1
Chris Suellentrop,unknown,2
Christina Bonnington,unknown,6
Christopher Jobson,unknown,1
Christopher Null,unknown,1
Chuck Lawton,unknown,42
Chuck Squatriglia,unknown,1
Cindy,unknown,2
Cities and Infrastructure,transportation,1
Cliff Kuang,unknown,1
Clive Thompson,unknown,8
Cloud Computing,unknown,1
Corrina Lawson,unknown,157
Culture,unknown,12896
Culture,video-games,1005
Culture,digital-culture,633
Culture,movies,569
Culture,books,136
Culture,politics-news,98
Culture,environment-climate-change,23
Culture,health-medicine,21
Culture,environment,12
Culture,global-elections,8
Culture,psychology-neuroscience,7
Culture,disinformation,6
Culture,social-media,6
Culture,space,6
Culture,privacy,4
Culture,artificial-intelligence,2
Culture,energy,2
Culture,policy,1
Culture,security-advice,1
Culture,transportation,1
Culture Guides,unknown,1
Culture News,unknown,3
Curtis Silver,unknown,76
Cyberattacks and Hacks,security-news,2
Cyberattacks and Hacks,cyberattacks-hacks,1
Cyberattacks and Hacks,unknown,1
D Dumas,unknown,3
Dak,unknown,95
Damien Scott,unknown,1
Damon Tabor,unknown,2
Dan Ariely,unknown,1
Dan Ferber,unknown,1
Dan Hurley,unknown,1
Dan Koeppel,unknown,1
Dana Bostic,unknown,2
Dana Mackenzie,unknown,1
Daniel Donahoo,unknown,38
Daniel Dumas,unknown,2
Daniel Roth,unknown,2
Daniela Hernandez,unknown,1
Dave Baldwin,unknown,1
Dave Banks,unknown,68
Dave Bullock,unknown,8
Dave Giancaspro,unknown,108
Dave Mosher,unknown,1
Dave Winer,unknown,1
David Downs,unknown,1
David K. Israel,unknown,3
David Kravets,unknown,3
David Kushner,unknown,12
David L. Chandler,unknown,1
David Macneal,unknown,1
David Thomas,unknown,1
David Wolman,unknown,4
David Zax,unknown,1
Deals,unknown,12
Deals,video-games,1
Delphine,unknown,24
Design,unknown,2823
Digital Culture,digital-culture,1
Digital Culture,politics-news,1
Dinah McLean,unknown,1
Disinformation,disinformation,2
Disinformation,global-elections,1
Don Frazier,unknown,1
Don Martelli,unknown,1
Dot Physics,unknown,2
Doug Bierend,unknown,1
Doug Cornelius,unknown,19
Douglas McGray,unknown,1
Douglas Wolk,unknown,1
Dylan Tweney,unknown,6
Eli Pariser,unknown,1
Eliot Van Buskirk,unknown,502
Eliza Gauger,unknown,18
Elizabeth Stinson,unknown,1
Ellen Henderson,unknown,14
Ellen Ullman,unknown,1
Emily Anthes,unknown,1
Emily Dreyfuss,unknown,1
Environment,environment-climate-change,3
Environment,unknown,2
Environment,energy,1
Eric Harshbarger,unknown,2
Eric Smillie,unknown,2
Eric Steuer,unknown,5
Erik Holsinger,unknown,1
Erik Malinowski,unknown,3
Erik Wecks,unknown,17
Erika Check,unknown,1
Erin Biba,unknown,10
Eruptions,unknown,164
Ethan Gilsdorf,unknown,75
Evan Predavec,unknown,15
Evan Ratliff,unknown,1
Evgeny Morozov,unknown,1
Felix SalmonJon Stokes,unknown,1
Frank Drake,unknown,1
Fred Benenson,unknown,2
Fred Vogelstein,unknown,1
Frederick Kaufman,unknown,2
Frederik Pohl,unknown,1
Gaming,unknown,6
Garrett M. Graff,unknown,1
Garth Sundem,unknown,36
Gary Rivlin,unknown,1
Gary Wolf,unknown,4
Gavin Edwards,unknown,2
Gear,unknown,12615
Gear,video-games,229
Gear,transportation,38
Gear,environment,23
Gear,artificial-intelligence,21
Gear,environment-climate-change,17
Gear,health-medicine,16
Gear,politics-news,13
Gear,global-elections,12
Gear,energy,9
Gear,digital-culture,8
Gear,disinformation,6
Gear,movies,5
Gear,psychology-neuroscience,5
Gear,security-advice,4
Gear,social-media,4
Gear,computers-software,3
Gear,policy,3
Gear,tech-culture,3
Gear,privacy,2
Gear,space,2
Gear,blockchain-cryptocurrency,1
Gear,books,1
Gear,cyberattacks-hacks,1
Gear News and Events,unknown,5
Gear News and Events,policy,1
GeekDad Community,unknown,5
GeekDad Guest Writer,unknown,11
GeekDad Rewind,unknown,82
GeekMom Blog,unknown,83
Gina Clifford,unknown,11
Grace Dobush,unknown,1
Greg Miller,unknown,1
Greig Chisholm,unknown,1
Guest,unknown,5
Guest Blogger,unknown,1
Gwen Pearson,unknown,21
Health,health-medicine,9
Helene McLaughlin,unknown,41
Hillary Rosner,unknown,1
How To and Advice,unknown,2
Howard Rheingold,unknown,1
Hugh Hart,unknown,6
Ian Gordon,unknown,1
Ideas,unknown,1218
Ideas,politics-news,125
Ideas,environment-climate-change,54
Ideas,artificial-intelligence,48
Ideas,disinformation,33
Ideas,policy,23
Ideas,environment,22
Ideas,digital-culture,13
Ideas,global-elections,13
Ideas,video-games,11
Ideas,health-medicine,10
Ideas,energy,4
Ideas,transportation,3
Ideas,books,2
Ideas,computers-software,2
Ideas,privacy,2
Ideas,social-media,2
Ideas,movies,1
Ideas,space,1
Ideas,tech-culture,1
Igor Faletski,unknown,1
Jacob Russell,unknown,3
Jacqueline Detwiler,unknown,1
Jakob Schiller,unknown,1
James Cameron,unknown,2
James Floyd Kelly,unknown,18
James Lee,unknown,1
James Livingston,unknown,1
Jason B. Jones,unknown,63
Jason CranfordTeague,unknown,75
Jason Fagone,unknown,1
Jason Kehe,unknown,1
Jason Kottke,unknown,1
Jason Paur,unknown,2
Jason Silverman,unknown,8
Jason Tanz,unknown,5
Jay Caspian Kang,unknown,1
Jeff Howe,unknown,1
Jeffrey M. O'Brien,unknown,2
Jeffrey Marlow,unknown,1
Jenn Tylbon,unknown,20
Jennifer Alsever,unknown,1
Jennifer Chaussee,unknown,1
Jennifer D.,unknown,46
Jennifer Hansen,unknown,10
Jenny Everett,unknown,1
Jenny Williams,unknown,217
Jessamyn,unknown,12
Jesse Lichenstein,unknown,1
Jesse Lichtenstein,unknown,1
Jim MacQuarrie,unknown,28
Jim Merithew,unknown,2
Jim Nash,unknown,1
Jim Popkin,unknown,1
Joanna Pearlstein,unknown,1
Joe Brown,unknown,1
Joe MacInnis,unknown,1
Joel Johnson,unknown,1
Joel Khalili,unknown,1
Joel KhaliliLily Hay Newman,unknown,1
Joel Meares,unknown,8
Joel Warner,unknown,2
John Anealio,unknown,1
John Baichtal,unknown,16
John Bohannon,unknown,2
John Booth,unknown,89
John Brownlee,unknown,243
John C Abell,unknown,5
John Geirland,unknown,1
John Kovalic,unknown,17
John Madden,unknown,8
John Pavlus,unknown,1
John Scott Lewinski,unknown,1
John Williamson,unknown,2
"Jon Brodkin, Ars Technica",unknown,2
Jon Eilenberg,unknown,1
Jon Lackman,unknown,1
Jon Mooallem,unknown,1
Jon Snyder,unknown,1
Jonah Lehrer,unknown,5
Jonathan H. Liu,unknown,338
Jonathan Knudsen,unknown,3
Jonathan Liu,unknown,1
Jonathon Keats,unknown,20
Jordan Crucchiola,unknown,1
Josh McHugh,unknown,2
Joshua Davis,unknown,6
Josie Colt,unknown,1
Judd Schorr,unknown,4
Judy Berna,unknown,77
Jules,unknown,32
Julia Greenberg,unknown,2
Julia SabinMike Sylvia,unknown,1
Julian Smith,unknown,1
Julie Rehmeyer,unknown,5
Justin McLachlan,unknown,1
Justin Monroe,unknown,1
Kalynn Brower,unknown,6
Kari Byron,unknown,1
Kat Mahoney,unknown,1
Kate Miller,unknown,15
Katharine Gammon,unknown,6
Kathy Ceceri,unknown,120
Katie M Palmer,unknown,1
Kay Moore,unknown,6
Kay T. Holt,unknown,4
Keith Axline,unknown,1
Keith Barry,unknown,3
Kelly Knox,unknown,57
Kelsey Hazlewood,unknown,1
Ken Denmead,unknown,45
Kevin Kelly,unknown,5
Kevin Makice,unknown,38
Kevin Pereira,unknown,1
Kevin Poulsen,unknown,1
Kim Zetter,unknown,3
Kris Bordessa,unknown,51
Kristen Philipkoski,unknown,2
Kristen Rutherford,unknown,14
Kristina Bjoran,unknown,3
Kyle Vanhemert,unknown,2
Laura Grace Weldon,unknown,85
Laura Mallonee,unknown,2
Lawrence Wilkinson,unknown,1
Leander Kahney,unknown,7
Lev Grossman,unknown,1
Lewis Wallace,unknown,2
Lisa Grossman,unknown,1
Lisa Katayama,unknown,52
Liz Stinson,unknown,1
Lonnie Morgan,unknown,11
Lucas Graves,unknown,1
Luke Bennett,unknown,5
MJ Harnish,unknown,6
Marc Bernardin,unknown,1
Marc Gunther,unknown,1
Mario Aguilar,unknown,14
Marisa Meltzer,unknown,1
Mark Anderson,unknown,2
Mark McClusky,unknown,2
Mark Robinson,unknown,1
Mark Vanhoenacker,unknown,1
Mark Woodman,unknown,2
Mary H.K. Choi,unknown,1
Marziah,unknown,28
Mat Honan,unknown,1
Mathew Honan,unknown,6
Matt Alt,unknown,1
Matt Blum,unknown,221
Matt Forbeck,unknown,5
Matt Morgan,unknown,26
Matt Schwartz,unknown,2
Matt Simon,unknown,5
Mattathias Schwartz,unknown,1
Matthew Hutson,unknown,1
Matthew Yglesias,unknown,1
Matthieu Aikins,unknown,1
Max Castera,unknown,10
Megan Geuss,unknown,3
Meghann Myers,unknown,3
Melissa Goldstein,unknown,1
Melissa Maerz,unknown,1
Melissa Wiley,unknown,19
Menaka Wilhelm,unknown,1
Michael Andersen,unknown,32
Michael Behar,unknown,1
Michael Calore,unknown,33
Michael Chorost,unknown,1
Michael Hardy,unknown,1
Michael Harrison,unknown,44
Michael Menduno,unknown,1
Michael V. Copeland,unknown,2
Michael Venables,unknown,44
Michelle Diane McCrary,unknown,8
Mike Olson,unknown,6
Mike Ryan,unknown,4
Mike Selinker,unknown,19
Mike SelinkerEric Harshbarger,unknown,1
Mike Senese,unknown,1
Missy Schwartz,unknown,1
Monica Kim,unknown,1
Movies,movies,1
Music,unknown,2
Music,digital-culture,1
Nadia Drake,unknown,2
Nancy Miller,unknown,1
Natania Barron,unknown,59
Nate Berg,unknown,2
Nathan Barry,unknown,88
Nathan Matisse,unknown,1
Nathan Mattise,unknown,5
National Affairs,unknown,5
National Affairs,tech-culture,1
National Security,security-news,2
National Security,unknown,1
Neal Pollack,unknown,3
Ned Zimmerman-Bence,unknown,1
Nick Veronin,unknown,2
Nick Wadhams,unknown,1
Nicolas Stecher,unknown,1
Nicole Boose,unknown,2
Nicole Wakelin,unknown,62
Noah Shachtman,unknown,8
Olivia Koski,unknown,4
Olivier Knox,unknown,1
Opinion,unknown,590
Opinion,disinformation,1
Opinion,environment-climate-change,1
Opinion,global-elections,1
Opinion,politics-news,1
Oren Katzeff,unknown,1
Outdoor,unknown,1
PEACE TALKS,video-games,1
Pamela Statz,unknown,2
Patricia Vollmer,unknown,68
Patrick Di Justo,unknown,23
Patrick Orndorff,unknown,2
Patton Oswalt,unknown,1
Paul Boutin,unknown,2
Paul Ford,unknown,1
"Paul SabourinGreg ""Storm"" DiCostanzo",unknown,1
Penny Boston,unknown,1
Pete Mortensen,unknown,65
Peter Andrey Smith,unknown,2
Peter Bright,unknown,2
Peter Savodnik,unknown,1
Peter Schwartz,unknown,1
Phones,unknown,2
Photo,unknown,1726
Photo,space,5
Photo,politics-news,4
Photo,energy,1
Photo,environment,1
Photo,environment-climate-change,1
Photo,global-elections,1
Photo,video-games,1
Physics and Math,unknown,6
Physics and Math,energy,1
Physics and Math,environment-climate-change,1
Politics,politics-news,267
Politics,disinformation,31
Politics,unknown,21
Politics,global-elections,15
Politics,policy,3
Politics,security-news,2
Politics,energy,1
Politics,extremism,1
Politics News,politics-news,2
Pranav Dixit,unknown,1
Privacy,unknown,1
Products,video-games,2
R. L. LaFevers,unknown,7
Rachel Cericola,unknown,36
Rachel Somerstein,unknown,4
Rachel Swaby,unknown,5
Rachel Zurer,unknown,11
Rafe Sagarin,unknown,1
Randy Alfred,unknown,34
Randy Dotinga,unknown,5
Raymond F. Masters,unknown,1
Raymond Masters,unknown,20
Rebecca Angel,unknown,44
Regina Lynn,unknown,183
Rena Kosnett,unknown,1
Reviews,unknown,1
Reviews,video-games,1
Rhett Allain,unknown,1
Richard Martin,unknown,1
Rick Broida,unknown,1
Rick Paulas,unknown,6
Rob Adams,unknown,3
Rob Walker,unknown,2
Robert Capps,unknown,2
Robert D. Ballard,unknown,1
Robert Sandlan,unknown,2
Robots,unknown,1
Roy Wood,unknown,58
Russ Neumeier,unknown,21
Ruth Suehle,unknown,47
Ryan Carlson,unknown,6
Ryan Paul - Ars Technica,unknown,5
Ryan Singel,unknown,6
Sara Bernard,unknown,2
Sara BreselorVictoria Tang,unknown,1
Sarah Filippi,unknown,1
Sarah Pinault,unknown,90
Science,unknown,9881
Science,health-medicine,1570
Science,environment-climate-change,871
Science,space,633
Science,environment,408
Science,biotech-genetic-engineering,211
Science,psychology-neuroscience,181
Science,energy,138
Science,politics-news,42
Science,policy,12
Science,artificial-intelligence,11
Science,transportation,7
Science,global-elections,4
Science,video-games,4
Science,books,1
Science,digital-culture,1
Science,disinformation,1
Science,privacy,1
Science,security-news,1
Scott Brown,unknown,8
Scott Carney,unknown,1
Scott Dadich,unknown,13
Scott Gilbertson,unknown,306
Scott Thill,unknown,161
Sean,unknown,3
Security,unknown,5023
Security,security-news,1104
Security,privacy,398
Security,cyberattacks-hacks,305
Security,security-advice,142
Security,politics-news,99
Security,global-elections,62
Security,disinformation,18
Security,health-medicine,10
Security,policy,10
Security,social-media,8
Security,video-games,7
Security,blockchain-cryptocurrency,5
Security,space,4
Security,artificial-intelligence,2
Security,energy,2
Security,transportation,1
Security News,security-news,4
Security News,unknown,1
Shane Snow,unknown,1
Sharon Begley,unknown,1
Shoshana Berger,unknown,1
Signe Brewster,unknown,1
Simon Norfolk,unknown,1
Social Media,social-media,2
Sonia Zjawinski,unknown,1
Sophie Brown,unknown,86
Space,space,3
Startups,unknown,1
Stephen Wark,unknown,1
Steve Silberman,unknown,3
Steven Edwards,unknown,1
Steven Kotler,unknown,1
Steven Leckart,unknown,15
Steven Levy,unknown,27
Steven Nereo,unknown,3
Stewart Rutledge,unknown,2
Suzanne Lazear,unknown,8
Sylvia A. Earle,unknown,1
TV,unknown,2
TV,digital-culture,1
TV,movies,1
TV,video-games,1
Tavis Allison,unknown,1
Tech Culture,tech-culture,1
Ted Greenwald,unknown,4
Teeuwynn Woodruff,unknown,1
Telecoms,unknown,1
Terrence Russell,unknown,2
The Backchannel Team,unknown,1
The Big Story,unknown,1026
The Big Story,politics-news,51
The Big Story,health-medicine,35
The Big Story,environment,24
The Big Story,environment-climate-change,21
The Big Story,books,20
The Big Story,digital-culture,17
The Big Story,social-media,15
The Big Story,psychology-neuroscience,12
The Big Story,transportation,12
The Big Story,video-games,12
The Big Story,cyberattacks-hacks,11
The Big Story,artificial-intelligence,10
The Big Story,privacy,10
The Big Story,movies,7
The Big Story,tech-culture,7
The Big Story,biotech-genetic-engineering,6
The Big Story,blockchain-cryptocurrency,6
The Big Story,space,6
The Big Story,computers-software,5
The Big Story,disinformation,3
The Big Story,security-news,2
The Big Story,energy,1
The Big Story,policy,1
Thomas Goetz,unknown,2
Thomas Hayden,unknown,1
Thomas Snyder,unknown,1
Tim Bailey,unknown,4
Tim Harford,unknown,1
Tim Leong,unknown,1
Tim McKeough,unknown,1
Tim Moynihan,unknown,1
Tom Angleberger,unknown,6
Tom Cheshire,unknown,1
Tom Stillwell,unknown,2
Tom Vanderbilt,unknown,1
Tony Borroz,unknown,3
Tony Long,unknown,75
Tony Sims,unknown,13
Transportation,transportation,1226
Transportation,unknown,698
Transportation,environment-climate-change,17
Transportation,video-games,4
Transportation,policy,3
Transportation,energy,1
Transportation,politics-news,1
Trends,unknown,7
Trends,policy,1
Troy Brownfield,unknown,1
Tyler Hinman,unknown,2
Video Games,video-games,1
Vince Beiser,unknown,4
Vincent Janoski,unknown,1
WIRED Staff,unknown,1197
Whit Honea,unknown,1
William Gurstelle,unknown,1
Wired,unknown,10
Wired Blogs,unknown,2080
Wired Insider,unknown,5
Wired Magazine,unknown,39
Yudhijit Bhattacharjee,unknown,2
Z,unknown,154
Zach Gottlieb,unknown,1
amyatwired,unknown,23
jmckeel,unknown,1
simonlutrin,unknown,2
"so long, farewell",video-games,1
stadia,video-games,1
unknown,unknown,14
unknown,environment-climate-change,1
